order_id,customer_id,order_date,amount,country
0,191,15-01-2026,,US
1,145,2026/01/11,168.0,US
2,168,2026-01-03,770.0,United States
3,170,05-02-2026,,U.S.
4,189,06-02-2026,417.0,USA
5,154,01-02-2026,779.0,U.S.
6,185,21-02-2026,132.0,U.S.
7,199,2026-01-28,,U.S.
8,136,2026/02/13,,USA
9,110,03-02-2026,442.0,USA
10,191,2026/01/12,,USA
11,140,11-02-2026,,US
12,132,2026/01/29,281.0,U.S.
13,169,2026/01/11,404.0,U.S.
14,176,2026-02-19,634.0,US
15,122,2026-01-16,249.0,US
16,196,25-02-2026,,USA
17,111,2026-02-17,393.0,US
18,121,23-01-2026,,USA
19,149,09-02-2026,290.0,U.S.
20,156,2026-01-26,874.0,US
21,135,2026-01-06,696.0,United States
22,137,2026-01-07,,US
23,190,2026-02-21,238.0,U.S.
24,173,09-01-2026,324.0,USA
25,140,2026/01/18,,US
26,109,2026/02/02,,U.S.
27,198,01-02-2026,170.0,USA
28,123,2026/02/16,,US
29,200,2026/01/21,813.0,United States
30,171,2026-01-31,,US
31,117,2026-01-07,,United States
32,147,2026/02/09,919.0,US
33,115,2026/02/18,819.0,US
34,167,2026-02-06,602.0,USA
35,133,2026/02/10,781.0,U.S.
36,200,2026-01-05,,US
37,134,2026/01/15,435.0,US
38,144,2026-02-08,,USA
39,159,2026-01-11,394.0,US
40,104,17-02-2026,254.0,US
41,185,2026-02-23,977.0,United States
42,149,2026/02/20,101.0,U.S.
43,181,2026-02-18,,U.S.
44,192,2026/02/16,951.0,USA
45,100,01-01-2026,,USA
46,168,2026-01-13,,USA
47,145,2026-01-06,414.0,USA
48,148,2026/01/04,567.0,U.S.
49,140,28-02-2026,,USA
50,120,2026/01/24,948.0,US
51,139,2026/01/11,,U.S.
52,146,2026-02-02,657.0,USA
53,149,2026-01-08,193.0,USA
54,172,2026-01-17,659.0,US
55,170,10-02-2026,,United States
56,101,2026/02/07,,U.S.
57,186,2026-01-27,,United States
58,193,2026/02/01,476.0,USA
59,107,2026-02-14,,U.S.
60,139,2026-02-04,225.0,US
61,123,27-02-2026,111.0,United States
62,155,2026/01/19,294.0,US
63,102,11-01-2026,862.0,US
64,165,2026-01-31,124.0,U.S.
65,163,2026/01/19,,US
66,160,07-01-2026,446.0,US
67,189,20-02-2026,,U.S.
68,155,04-01-2026,,United States
69,151,13-01-2026,,USA
70,103,02-01-2026,,U.S.
71,139,2026/01/25,612.0,U.S.
72,139,2026-02-20,,US
73,102,22-02-2026,,U.S.
74,146,2026-02-20,337.0,U.S.
75,111,2026/02/03,,USA
76,200,24-02-2026,809.0,USA
77,165,2026/02/27,,U.S.
78,103,2026/02/08,,United States
79,121,14-02-2026,,US
80,151,02-03-2026,642.0,USA
81,177,03-01-2026,536.0,United States
82,117,2026/02/13,,United States
83,183,12-01-2026,341.0,United States
84,167,13-01-2026,,United States
85,143,2026/02/22,575.0,USA
86,177,2026-01-02,548.0,United States
87,166,2026/02/09,560.0,USA
88,154,2026-02-25,175.0,U.S.
89,140,2026/02/03,241.0,US
90,113,2026-02-21,853.0,United States
91,148,2026/01/16,,USA
92,131,2026-01-14,161.0,U.S.
93,141,2026/01/13,968.0,USA
94,189,18-01-2026,749.0,United States
95,148,03-01-2026,744.0,USA
96,121,2026/01/16,,U.S.
97,130,05-01-2026,222.0,US
98,191,09-01-2026,967.0,USA
99,186,26-02-2026,853.0,United States
100,180,2026/02/15,,U.S.
101,169,2026-03-01,,U.S.
102,137,2026-01-11,,United States
103,145,2026-01-26,125.0,US
104,152,2026/02/19,298.0,US
105,196,25-02-2026,239.0,United States
106,102,2026-01-16,269.0,United States
107,103,25-02-2026,788.0,US
108,126,2026/02/11,,USA
109,184,2026/01/12,787.0,United States
110,128,2026-01-15,344.0,U.S.
111,186,10-02-2026,,U.S.
112,140,2026/02/01,,United States
113,193,26-01-2026,,USA
114,101,15-01-2026,,U.S.
115,123,2026-02-16,672.0,US
116,196,2026-01-16,,USA
117,111,2026/03/02,889.0,United States
118,200,2026-01-28,499.0,U.S.
119,173,2026-01-01,,United States
120,103,2026-02-09,376.0,USA
121,144,2026-02-17,781.0,US
122,132,2026-01-17,,USA
123,107,01-03-2026,,U.S.
124,165,07-02-2026,558.0,USA
125,113,2026/01/29,,United States
126,158,2026/02/17,939.0,USA
127,117,2026-02-16,,USA
128,120,24-02-2026,180.0,U.S.
129,139,2026-01-13,,US
130,102,07-02-2026,,United States
131,162,2026-02-20,520.0,USA
132,112,2026-01-26,911.0,USA
133,109,2026-01-09,,US
134,192,04-02-2026,,USA
135,137,2026/01/24,279.0,United States
136,182,2026/02/12,698.0,U.S.
137,136,2026-01-27,,U.S.
138,145,2026/02/09,,United States
139,117,2026/01/02,153.0,USA
140,163,07-01-2026,,US
141,164,2026/01/13,,United States
142,162,14-01-2026,,United States
143,158,2026-01-26,,US
144,165,25-01-2026,,United States
145,138,21-02-2026,285.0,US
146,134,14-01-2026,788.0,US
147,130,26-01-2026,,US
148,158,04-02-2026,,United States
149,142,2026-01-18,922.0,U.S.
150,190,2026/02/18,,USA
151,150,2026-02-15,748.0,United States
152,141,2026-01-21,177.0,U.S.
153,193,2026-02-01,944.0,United States
154,172,11-01-2026,885.0,U.S.
155,132,06-02-2026,,USA
156,121,2026/02/08,611.0,US
157,182,2026/01/15,238.0,USA
158,179,2026/02/22,,United States
159,100,15-02-2026,,USA
160,151,25-02-2026,,US
161,178,06-01-2026,570.0,US
162,185,16-02-2026,,United States
163,144,19-02-2026,288.0,US
164,132,2026-01-30,241.0,USA
165,124,2026/01/28,576.0,U.S.
166,117,07-01-2026,790.0,U.S.
167,137,2026-01-19,899.0,U.S.
168,145,2026-02-02,492.0,U.S.
169,193,2026/02/07,506.0,U.S.
170,165,2026/02/16,,United States
171,109,2026/01/20,,USA
172,171,23-02-2026,,United States
173,138,2026/01/17,738.0,USA
174,106,2026/02/06,,U.S.
175,158,2026-02-18,686.0,USA
176,110,2026/02/19,,US
177,192,2026-01-10,,U.S.
178,167,2026/01/03,137.0,US
179,181,2026/01/27,685.0,US
180,163,2026/01/02,,USA
181,141,27-02-2026,,United States
182,181,2026-01-28,765.0,U.S.
183,102,2026-02-12,205.0,United States
184,180,05-02-2026,693.0,U.S.
185,158,2026-01-14,160.0,US
186,184,2026/02/17,741.0,USA
187,140,01-01-2026,,US
188,172,15-01-2026,,USA
189,181,27-01-2026,,United States
190,163,2026/02/25,746.0,United States
191,112,2026/01/24,,United States
192,140,26-01-2026,,U.S.
193,189,2026-02-08,273.0,United States
194,157,2026/02/26,,United States
195,200,2026/01/22,,USA
196,131,21-02-2026,,USA
197,164,2026-01-16,182.0,US
198,198,2026-02-26,,US
199,131,20-01-2026,597.0,USA
200,111,17-01-2026,324.0,USA
201,138,2026/02/02,458.0,US
202,100,2026-01-18,,U.S.
203,196,2026/01/22,396.0,U.S.
204,181,2026-02-15,199.0,USA
205,114,2026-01-23,,United States
206,126,2026/02/28,,US
207,111,2026/02/16,,U.S.
208,161,2026-02-09,,United States
209,185,2026-01-29,,United States
210,193,2026-01-07,,U.S.
211,132,01-03-2026,,United States
212,162,2026-01-16,540.0,U.S.
213,104,15-01-2026,961.0,US
214,117,28-01-2026,374.0,U.S.
215,156,2026/01/07,252.0,U.S.
216,106,18-01-2026,309.0,USA
217,146,2026/02/13,,U.S.
218,189,2026/02/03,,U.S.
219,124,2026/02/04,121.0,USA
220,121,2026/02/25,,USA
221,128,2026-02-10,,United States
222,178,2026-01-01,,US
223,189,13-01-2026,240.0,USA
224,132,17-02-2026,,United States
225,197,2026-02-02,253.0,US
226,143,2026/01/31,,United States
227,102,2026-02-05,,USA
228,101,2026/02/08,,USA
229,187,2026-02-28,739.0,US
230,165,09-02-2026,749.0,USA
231,132,03-01-2026,,U.S.
232,190,2026/02/15,703.0,US
233,135,2026-01-16,397.0,United States
234,167,04-02-2026,374.0,U.S.
235,159,2026-02-16,541.0,USA
236,189,2026/01/18,,United States
237,110,16-02-2026,,United States
238,138,2026/02/28,646.0,USA
239,109,2026/02/24,320.0,USA
240,123,09-02-2026,,United States
241,104,09-02-2026,,U.S.
242,141,19-01-2026,,US
243,184,2026/01/16,,United States
244,121,2026/01/20,795.0,US
245,195,15-02-2026,423.0,USA
246,112,2026-01-16,884.0,U.S.
247,194,21-02-2026,638.0,USA
248,171,2026-02-21,558.0,USA
249,152,2026/01/29,901.0,United States
250,162,23-01-2026,802.0,USA
251,101,2026-01-07,,USA
252,170,2026/02/26,,U.S.
253,133,2026/02/13,487.0,U.S.
254,173,2026/02/20,924.0,U.S.
255,146,2026/02/17,,United States
256,161,2026/01/31,,U.S.
257,161,2026-01-18,,United States
258,133,03-02-2026,,USA
259,189,2026/01/28,490.0,USA
260,186,04-01-2026,663.0,U.S.
261,131,2026/02/23,940.0,U.S.
262,192,2026-01-20,831.0,United States
263,110,2026-01-11,,USA
264,119,2026-02-04,,United States
265,177,30-01-2026,,USA
266,160,2026-02-24,317.0,USA
267,195,2026-02-02,117.0,United States
268,174,08-02-2026,522.0,US
269,198,20-01-2026,,U.S.
270,165,2026/02/20,723.0,USA
271,113,26-02-2026,672.0,United States
272,198,2026-01-16,,US
273,144,2026/01/13,,U.S.
274,104,2026-01-03,741.0,USA
275,198,2026-02-21,315.0,U.S.
276,130,2026-01-23,511.0,US
277,167,2026-02-03,,USA
278,135,27-02-2026,343.0,USA
279,145,2026-02-08,,USA
280,135,23-02-2026,459.0,USA
281,112,24-02-2026,169.0,U.S.
282,134,2026-01-21,,US
283,106,2026/02/09,404.0,USA
284,139,2026-03-01,,United States
285,119,2026-02-06,,United States
286,193,2026-01-04,,United States
287,191,2026-02-18,249.0,United States
288,169,2026-02-26,,U.S.
289,142,2026/01/26,508.0,U.S.
290,197,2026/02/19,,US
291,181,24-02-2026,860.0,United States
292,183,13-01-2026,225.0,USA
293,116,13-01-2026,384.0,USA
294,122,23-01-2026,,US
295,137,2026-02-19,,US
296,152,26-01-2026,496.0,USA
297,167,2026/02/14,929.0,US
298,198,2026-02-22,,U.S.
299,195,29-01-2026,413.0,U.S.
300,185,2026-01-12,,US
301,171,13-02-2026,440.0,USA
302,127,2026-01-17,,United States
303,152,2026-01-12,611.0,U.S.
304,131,2026-02-02,296.0,U.S.
305,176,2026-01-14,941.0,USA
306,179,2026/01/09,575.0,US
307,114,31-01-2026,,U.S.
308,124,2026-01-01,,US
309,180,12-02-2026,,USA
310,184,2026/02/12,292.0,U.S.
311,136,03-01-2026,311.0,US
312,147,2026-02-11,590.0,US
313,132,07-02-2026,,US
314,129,24-02-2026,,US
315,194,13-01-2026,758.0,US
316,103,2026/01/12,298.0,USA
317,124,2026/01/30,,U.S.
318,162,2026-02-15,,US
319,182,2026/01/10,158.0,U.S.
320,104,30-01-2026,,US
321,135,2026-01-15,333.0,US
322,189,01-01-2026,,USA
323,173,2026/02/25,208.0,U.S.
324,158,2026/02/22,,US
325,141,2026/02/19,,U.S.
326,198,26-02-2026,,USA
327,173,2026/02/01,,U.S.
328,142,2026-01-31,,US
329,149,2026-01-04,991.0,U.S.
330,194,2026/01/10,633.0,USA
331,153,2026/02/08,421.0,USA
332,129,2026/01/11,,US
333,160,2026-03-01,921.0,US
334,158,2026-01-15,590.0,United States
335,190,2026/02/01,942.0,U.S.
336,124,2026-02-20,,U.S.
337,139,26-01-2026,,US
338,180,2026/02/19,,United States
339,136,2026-01-04,,United States
340,157,2026/02/14,,United States
341,196,31-01-2026,387.0,US
342,177,25-01-2026,208.0,U.S.
343,106,13-01-2026,393.0,USA
344,178,2026-01-14,843.0,US
345,105,2026-01-10,,United States
346,119,15-01-2026,365.0,USA
347,135,2026/01/19,,USA
348,174,2026/01/31,,United States
349,199,2026-02-16,439.0,United States
350,141,2026-01-06,,United States
351,132,2026/02/25,,U.S.
352,171,2026/02/28,,USA
353,189,2026/01/16,388.0,USA
354,134,2026-02-21,,U.S.
355,138,2026/02/15,,United States
356,118,2026/01/27,418.0,U.S.
357,143,14-02-2026,786.0,U.S.
358,164,2026/02/09,,United States
359,122,2026-02-05,202.0,U.S.
360,120,2026-02-11,934.0,United States
361,106,2026-01-12,,US
362,198,2026-01-23,350.0,USA
363,196,2026/01/30,,United States
364,106,2026-02-09,,USA
365,142,16-01-2026,,U.S.
366,118,2026-02-06,846.0,United States
367,108,26-02-2026,,United States
368,151,2026/01/15,919.0,United States
369,145,2026/02/24,815.0,United States
370,115,2026/01/19,969.0,US
371,146,2026-01-07,109.0,U.S.
372,167,2026/01/31,948.0,U.S.
373,162,2026/02/10,,USA
374,184,10-01-2026,,USA
375,133,2026/01/19,107.0,U.S.
376,173,10-01-2026,910.0,USA
377,154,2026-01-17,499.0,U.S.
378,157,2026/01/12,575.0,United States
379,173,2026-02-07,458.0,U.S.
380,135,2026/03/02,603.0,United States
381,150,26-01-2026,866.0,USA
382,108,2026/02/24,,United States
383,141,2026-02-02,482.0,United States
384,115,2026/01/16,419.0,U.S.
385,142,2026/02/01,,United States
386,106,2026/01/15,391.0,United States
387,176,2026-02-24,105.0,USA
388,111,10-02-2026,,United States
389,114,2026-01-01,456.0,US
390,136,06-01-2026,514.0,U.S.
391,111,2026-01-04,670.0,USA
392,174,2026/02/20,127.0,U.S.
393,105,03-01-2026,276.0,USA
394,143,2026-02-23,,USA
395,109,2026-01-21,,USA
396,170,2026-03-01,,United States
397,149,2026/02/14,,United States
398,129,2026-02-07,552.0,USA
399,136,2026-01-04,969.0,USA
400,123,05-01-2026,750.0,US
401,110,12-01-2026,,USA
402,194,2026-01-03,,U.S.
403,100,2026-02-12,380.0,US
404,162,03-02-2026,,US
405,185,2026-01-29,375.0,US
406,160,2026/02/07,,U.S.
407,128,2026/03/01,,United States
408,146,26-02-2026,248.0,U.S.
409,188,2026-01-10,,U.S.
410,170,13-01-2026,,US
411,172,19-02-2026,710.0,United States
412,119,2026-03-02,130.0,U.S.
413,165,2026-01-09,249.0,US
414,154,01-01-2026,,USA
415,183,24-01-2026,,US
416,166,01-02-2026,,U.S.
417,118,21-01-2026,,USA
418,181,2026-02-07,,US
419,101,2026-01-17,,United States
420,145,05-01-2026,,USA
421,121,23-02-2026,,USA
422,197,14-02-2026,,USA
423,125,15-02-2026,,U.S.
424,141,2026-01-06,,USA
425,132,26-02-2026,,US
426,130,2026/01/28,872.0,USA
427,174,23-01-2026,,US
428,163,2026-02-05,949.0,United States
429,179,07-01-2026,716.0,US
430,175,30-01-2026,,USA
431,102,2026-02-15,895.0,U.S.
432,125,2026/02/05,623.0,U.S.
433,142,09-01-2026,,United States
434,141,10-01-2026,747.0,U.S.
435,200,2026-02-03,,US
436,110,2026/01/19,341.0,United States
437,108,2026/01/19,,U.S.
438,110,2026-01-30,204.0,USA
439,189,2026/02/19,,US
440,126,2026-02-07,457.0,US
441,190,31-01-2026,,U.S.
442,170,08-01-2026,613.0,U.S.
443,177,2026/02/07,,USA
444,131,2026/01/03,519.0,United States
445,170,04-02-2026,323.0,USA
446,147,18-01-2026,,USA
447,110,16-01-2026,,U.S.
448,140,2026-01-08,,US
449,139,10-02-2026,591.0,U.S.
450,101,2026/01/30,,United States
451,141,27-02-2026,218.0,United States
452,192,2026/02/24,,United States
453,129,04-01-2026,,United States
454,140,2026/02/17,,USA
455,118,22-01-2026,,United States
456,127,2026/01/09,358.0,USA
457,133,2026/02/23,,U.S.
458,105,2026-02-19,,United States
459,198,2026/01/06,534.0,US
460,131,2026-01-29,,United States
461,181,06-01-2026,,US
462,176,2026/01/28,,US
463,122,2026-01-05,503.0,U.S.
464,143,2026/02/06,452.0,US
465,198,17-01-2026,,United States
466,200,2026/02/13,337.0,United States
467,195,10-01-2026,,US
468,114,2026-02-14,,US
469,153,2026-02-07,,USA
470,102,2026/02/24,857.0,United States
471,112,2026-01-23,,US
472,180,2026-02-23,,United States
473,144,2026/02/05,,US
474,164,2026-01-10,,U.S.
475,155,2026-02-09,,USA
476,167,2026/01/17,614.0,U.S.
477,187,2026/02/22,,USA
478,124,30-01-2026,,United States
479,118,2026/01/08,757.0,United States
480,174,10-01-2026,201.0,USA
481,109,30-01-2026,726.0,United States
482,115,2026-02-07,822.0,USA
483,155,06-01-2026,688.0,US
484,199,2026-02-13,977.0,U.S.
485,190,2026-02-10,393.0,U.S.
486,120,08-01-2026,951.0,US
487,150,2026-02-05,,U.S.
488,129,16-02-2026,,USA
489,136,2026/01/16,,US
490,177,2026/01/17,,USA
491,162,2026-01-17,889.0,U.S.
492,154,2026/02/15,919.0,USA
493,117,2026/03/02,,U.S.
494,193,2026/01/20,,US
495,151,2026/01/07,361.0,USA
496,100,2026/02/13,,US
497,147,2026-01-25,580.0,USA
498,131,17-02-2026,,United States
499,114,31-01-2026,,U.S.
500,128,2026/01/07,709.0,US
501,105,07-02-2026,,USA
502,182,2026/01/20,949.0,US
503,117,15-01-2026,746.0,USA
504,103,2026-02-23,,US
505,191,2026/02/02,,United States
506,176,2026/02/18,,U.S.
507,138,2026-02-01,,USA
508,193,2026-01-27,,US
509,105,04-01-2026,170.0,US
510,123,2026/02/27,247.0,U.S.
511,175,07-02-2026,,United States
512,101,24-01-2026,216.0,USA
513,193,2026/01/05,,USA
514,183,2026/02/08,,U.S.
515,135,2026/02/27,375.0,US
516,131,2026-02-28,,U.S.
517,140,2026-02-01,609.0,US
518,138,08-01-2026,537.0,U.S.
519,128,2026/01/16,925.0,United States
520,126,2026-02-17,,U.S.
521,159,21-02-2026,,U.S.
522,161,2026/02/24,,United States
523,134,2026-02-23,534.0,United States
524,190,2026/01/07,673.0,U.S.
525,116,2026-03-02,214.0,U.S.
526,102,2026/02/24,,USA
527,124,2026/02/23,940.0,USA
528,120,2026/01/24,585.0,United States
529,132,2026/01/11,826.0,USA
530,145,2026-01-08,333.0,US
531,175,2026/02/01,713.0,United States
532,126,2026-02-13,540.0,U.S.
533,187,2026/01/04,588.0,US
534,177,2026-02-20,469.0,United States
535,150,09-02-2026,545.0,U.S.
536,110,2026-02-20,838.0,US
537,105,2026-03-02,,US
538,153,2026/01/25,471.0,US
539,141,2026-02-20,,USA
540,167,17-02-2026,,United States
541,145,2026-01-21,159.0,US
542,185,01-01-2026,966.0,United States
543,154,2026-01-05,,USA
544,102,21-01-2026,609.0,United States
545,147,2026-01-05,866.0,United States
546,103,2026-03-02,311.0,U.S.
547,123,2026-02-18,397.0,USA
548,147,2026-02-01,,U.S.
549,168,2026-02-18,965.0,USA
550,129,20-02-2026,,USA
551,137,2026-02-15,,US
552,108,2026/01/03,668.0,United States
553,194,2026-01-03,,United States
554,188,2026/02/08,,USA
555,195,2026/02/02,118.0,USA
556,195,04-02-2026,,US
557,191,2026-02-24,280.0,US
558,116,2026-01-18,246.0,US
559,168,2026/02/26,,U.S.
560,194,2026-01-21,,United States
561,161,13-02-2026,988.0,USA
562,116,2026/01/11,,United States
563,188,06-01-2026,,US
564,103,2026-02-04,,USA
565,199,14-02-2026,992.0,US
566,152,08-01-2026,,United States
567,141,12-01-2026,643.0,USA
568,158,2026/02/28,509.0,US
569,134,12-01-2026,439.0,United States
570,146,2026-02-01,658.0,USA
571,170,2026-02-16,,United States
572,186,2026/01/12,,USA
573,186,2026/02/12,,US
574,101,05-02-2026,436.0,USA
575,188,28-02-2026,,U.S.
576,154,2026-02-27,,USA
577,106,2026-01-03,706.0,US
578,119,2026-01-23,904.0,USA
579,114,08-02-2026,,U.S.
580,119,2026/02/14,487.0,USA
581,125,26-01-2026,,US
582,129,2026/01/21,159.0,United States
583,102,2026-01-29,,U.S.
584,139,2026/01/09,546.0,US
585,174,2026/01/22,,United States
586,196,2026/02/21,,US
587,196,2026-01-18,926.0,USA
588,108,15-01-2026,,U.S.
589,194,2026-02-13,924.0,United States
590,137,24-01-2026,380.0,USA
591,106,01-02-2026,890.0,U.S.
592,110,2026-01-29,552.0,USA
593,168,20-02-2026,,USA
594,139,2026/02/05,,US
595,158,2026/02/17,394.0,US
596,175,2026/02/13,,United States
597,120,2026/02/10,692.0,USA
598,178,2026-01-09,709.0,USA
599,122,2026-01-21,,US
600,105,2026-03-02,,US
601,174,2026/01/24,657.0,US
602,118,19-01-2026,,US
603,135,27-01-2026,456.0,United States
604,128,13-02-2026,,United States
605,175,12-01-2026,340.0,US
606,145,2026/01/07,192.0,U.S.
607,113,2026-03-01,573.0,U.S.
608,135,2026/02/06,906.0,U.S.
609,182,2026-01-29,834.0,U.S.
610,182,2026/02/02,,USA
611,122,11-01-2026,,United States
612,126,2026/02/07,,USA
613,105,2026-03-01,,USA
614,169,02-01-2026,,United States
615,174,16-02-2026,291.0,United States
616,142,2026-01-19,,United States
617,178,2026-02-03,,US
618,186,2026-02-19,,US
619,179,2026/01/17,,US
620,142,25-01-2026,446.0,U.S.
621,140,2026-01-05,596.0,U.S.
622,102,2026/01/18,,USA
623,141,2026/02/14,,USA
624,174,2026-01-18,951.0,U.S.
625,194,2026/02/09,760.0,US
626,197,2026/03/01,,U.S.
627,194,13-02-2026,267.0,USA
628,179,2026/02/18,,USA
629,170,2026/01/17,,USA
630,178,2026-01-25,873.0,USA
631,159,23-01-2026,,U.S.
632,182,2026-01-05,,USA
633,105,18-02-2026,665.0,United States
634,182,2026-01-05,,USA
635,128,02-02-2026,,U.S.
636,109,2026-01-06,735.0,USA
637,121,09-01-2026,,USA
638,113,2026/01/10,524.0,USA
639,120,2026-02-03,,U.S.
640,187,19-02-2026,507.0,USA
641,105,2026-01-22,,United States
642,192,2026/01/31,,United States
643,169,2026-02-24,714.0,USA
644,118,2026-01-26,,US
645,101,2026-01-20,,USA
646,126,2026/01/05,,US
647,172,2026-02-06,,U.S.
648,166,2026-01-04,433.0,US
649,174,2026/01/30,,US
650,164,2026/02/25,,United States
651,110,08-02-2026,,US
652,182,2026/01/12,845.0,USA
653,199,2026/02/04,771.0,United States
654,116,2026/02/28,317.0,United States
655,147,2026-01-17,,US
656,111,2026-02-01,599.0,U.S.
657,180,2026/01/15,,United States
658,191,24-01-2026,617.0,U.S.
659,195,2026/02/19,613.0,United States
660,148,22-02-2026,770.0,United States
661,108,02-03-2026,425.0,United States
662,190,08-02-2026,960.0,USA
663,199,26-02-2026,,United States
664,106,17-01-2026,,United States
665,131,01-01-2026,,U.S.
666,162,2026-02-25,,United States
667,137,2026-01-22,,U.S.
668,112,2026/01/07,,US
669,177,2026-03-02,468.0,United States
670,171,2026-02-16,,US
671,149,2026-02-12,,U.S.
672,132,15-02-2026,,U.S.
673,143,2026/02/01,570.0,USA
674,183,2026-01-15,131.0,US
675,197,2026/01/25,,United States
676,112,16-01-2026,516.0,USA
677,130,2026-02-16,976.0,USA
678,176,02-03-2026,146.0,U.S.
679,161,2026-01-16,,USA
680,188,2026-02-19,193.0,USA
681,198,09-02-2026,412.0,U.S.
682,153,2026-01-25,,USA
683,199,11-01-2026,533.0,U.S.
684,141,2026-01-19,,United States
685,136,07-01-2026,621.0,USA
686,160,2026/01/28,,United States
687,162,2026-01-02,870.0,U.S.
688,173,27-02-2026,312.0,United States
689,171,2026-03-02,,US
690,106,20-01-2026,971.0,United States
691,163,2026/01/23,285.0,U.S.
692,171,2026-01-03,,US
693,189,2026/02/08,,U.S.
694,170,2026-01-08,,US
695,129,05-01-2026,768.0,U.S.
696,113,2026-02-05,,US
697,120,2026-02-24,,US
698,189,2026/01/08,272.0,USA
699,190,12-02-2026,382.0,United States
700,100,2026-01-29,569.0,USA
701,156,25-01-2026,625.0,US
702,151,2026/01/22,,US
703,109,2026/02/17,,USA
704,159,2026-01-23,442.0,U.S.
705,110,04-02-2026,750.0,U.S.
706,168,2026/02/03,691.0,United States
707,152,30-01-2026,467.0,USA
708,154,04-02-2026,959.0,U.S.
709,137,20-01-2026,,USA
710,124,2026/01/14,120.0,United States
711,196,15-02-2026,947.0,United States
712,166,2026/02/17,,USA
713,120,2026/01/06,167.0,US
714,176,11-02-2026,,United States
715,104,06-02-2026,,USA
716,111,11-02-2026,888.0,U.S.
717,133,2026-02-10,,United States
718,156,2026-02-12,727.0,U.S.
719,144,2026/01/19,838.0,United States
720,102,2026-01-09,,U.S.
721,135,2026-01-02,879.0,USA
722,124,2026/02/21,786.0,USA
723,172,2026/02/23,783.0,United States
724,126,2026-03-01,865.0,US
725,194,11-01-2026,,United States
726,131,09-01-2026,421.0,U.S.
727,125,2026/01/27,,US
728,108,2026-01-15,789.0,U.S.
729,191,2026-01-22,671.0,U.S.
730,140,2026-01-03,387.0,USA
731,149,04-01-2026,,U.S.
732,140,18-01-2026,,US
733,176,28-02-2026,,United States
734,189,2026-01-09,,United States
735,164,2026-01-06,253.0,USA
736,146,08-01-2026,,United States
737,147,2026/02/22,819.0,United States
738,138,2026-01-05,,U.S.
739,129,22-02-2026,,U.S.
740,141,2026-02-01,,United States
741,163,2026-02-11,796.0,USA
742,102,2026/01/30,,United States
743,157,02-02-2026,887.0,U.S.
744,169,2026/02/20,,USA
745,184,2026/02/24,909.0,U.S.
746,122,2026/02/17,,USA
747,198,2026-02-12,,United States
748,182,15-02-2026,,US
749,133,19-01-2026,888.0,US
750,144,24-02-2026,,USA
751,176,18-02-2026,488.0,USA
752,167,2026/02/12,,USA
753,155,2026-01-08,,USA
754,177,2026/02/03,,US
755,123,2026-01-24,809.0,US
756,150,20-02-2026,422.0,United States
757,193,2026/01/23,,U.S.
758,106,01-02-2026,,United States
759,136,12-01-2026,,USA
760,158,2026-01-19,,United States
761,153,25-02-2026,682.0,United States
762,103,01-01-2026,676.0,US
763,104,2026/02/05,446.0,US
764,144,2026/01/09,646.0,U.S.
765,157,03-02-2026,697.0,USA
766,161,2026-02-10,,U.S.
767,127,2026-02-06,191.0,U.S.
768,128,19-02-2026,,USA
769,103,2026/01/06,259.0,US
770,171,2026-02-16,598.0,U.S.
771,169,14-01-2026,,US
772,152,2026-02-09,904.0,United States
773,200,2026-03-02,934.0,U.S.
774,125,02-01-2026,291.0,US
775,192,2026-01-09,,United States
776,107,02-03-2026,,U.S.
777,149,02-02-2026,457.0,U.S.
778,194,01-03-2026,114.0,U.S.
779,131,2026-02-28,,U.S.
780,195,2026-01-11,876.0,U.S.
781,131,30-01-2026,607.0,USA
782,115,2026-01-29,,United States
783,150,2026/01/07,976.0,USA
784,159,2026-02-28,,United States
785,131,2026/02/20,456.0,US
786,112,07-01-2026,,USA
787,102,2026/01/03,,U.S.
788,161,12-01-2026,,United States
789,160,14-01-2026,,United States
790,169,02-01-2026,,U.S.
791,172,2026/01/08,,USA
792,106,2026-01-29,,US
793,183,2026-01-21,,US
794,120,2026/02/20,,U.S.
795,165,02-02-2026,130.0,U.S.
796,163,2026/02/28,,United States
797,118,2026/01/01,,United States
798,102,2026-01-12,,U.S.
799,180,2026-01-07,238.0,U.S.
800,179,03-01-2026,709.0,U.S.
801,194,2026/01/18,289.0,United States
802,164,15-02-2026,,U.S.
803,171,06-01-2026,557.0,US
804,173,2026-01-07,,United States
805,127,2026-01-01,,USA
806,125,09-01-2026,638.0,USA
807,100,2026-02-06,,U.S.
808,169,2026-02-18,646.0,US
809,130,2026-02-07,498.0,US
810,102,2026/02/19,,US
811,177,2026/01/06,,US
812,111,2026-01-22,,United States
813,128,2026-02-27,,United States
814,152,26-02-2026,433.0,US
815,182,04-01-2026,361.0,U.S.
816,174,07-02-2026,195.0,USA
817,185,23-01-2026,412.0,United States
818,129,12-02-2026,676.0,U.S.
819,114,2026/01/14,,United States
820,129,2026/02/08,685.0,US
821,157,24-01-2026,994.0,US
822,147,2026-02-25,632.0,United States
823,168,2026-02-25,761.0,US
824,189,2026-01-06,,U.S.
825,159,2026/02/08,,USA
826,164,2026-01-04,511.0,U.S.
827,115,28-02-2026,797.0,USA
828,181,2026-01-03,,U.S.
829,129,2026/01/27,,US
830,132,19-01-2026,416.0,United States
831,142,2026-02-04,235.0,USA
832,115,2026/01/19,,USA
833,132,2026/02/06,773.0,United States
834,196,2026-02-06,439.0,US
835,111,06-01-2026,191.0,US
836,113,2026-02-10,428.0,USA
837,106,2026-01-21,,U.S.
838,154,2026-01-28,,USA
839,197,2026-01-14,,USA
840,185,2026/01/28,,United States
841,155,2026-01-18,,US
842,117,2026/01/09,232.0,U.S.
843,108,2026/01/28,,U.S.
844,194,2026/02/18,,US
845,124,2026/01/27,958.0,US
846,157,2026/02/12,639.0,USA
847,152,2026-01-12,,US
848,117,08-01-2026,905.0,US
849,168,2026/01/24,809.0,US
850,113,2026-01-19,879.0,USA
851,193,2026-02-28,,U.S.
852,179,2026-01-24,,United States
853,182,2026/02/17,,US
854,131,09-02-2026,,USA
855,172,2026-02-25,645.0,U.S.
856,154,2026/01/07,673.0,US
857,107,04-01-2026,967.0,US
858,157,31-01-2026,595.0,USA
859,111,21-01-2026,,USA
860,144,2026-02-26,,USA
861,148,2026/02/11,,USA
862,182,2026-02-07,,United States
863,109,2026/01/24,753.0,United States
864,156,2026/02/26,715.0,US
865,187,2026/01/27,,United States
866,121,2026-02-09,,US
867,113,2026/02/17,,United States
868,111,2026-01-07,420.0,US
869,108,2026/02/13,,U.S.
870,179,2026-02-06,,USA
871,171,19-02-2026,318.0,United States
872,161,05-01-2026,,US
873,172,2026/01/05,,USA
874,136,2026/02/23,,USA
875,117,2026/02/27,116.0,US
876,200,2026/02/21,,US
877,102,2026-01-16,372.0,USA
878,110,23-01-2026,,United States
879,137,2026/01/10,389.0,U.S.
880,129,02-01-2026,,United States
881,151,21-01-2026,810.0,US
882,183,2026/01/18,,US
883,131,2026-02-18,278.0,US
884,149,04-02-2026,,United States
885,152,2026/02/02,697.0,USA
886,181,2026-01-30,,U.S.
887,189,2026-01-25,,United States
888,103,2026/02/24,,US
889,117,2026/01/17,165.0,United States
890,189,2026/01/23,223.0,U.S.
891,184,2026/02/16,994.0,U.S.
892,141,2026/02/13,,US
893,112,23-02-2026,,US
894,110,2026/01/15,438.0,United States
895,165,2026/01/28,657.0,US
896,152,2026/01/04,,United States
897,160,2026/02/14,799.0,U.S.
898,140,28-01-2026,,United States
899,124,2026-02-11,,USA
900,144,2026/01/05,262.0,USA
901,154,2026-01-24,,United States
902,134,20-02-2026,931.0,United States
903,195,02-03-2026,245.0,United States
904,177,03-01-2026,,USA
905,180,13-01-2026,,United States
906,190,2026/02/09,,US
907,123,2026/02/10,,U.S.
908,166,19-02-2026,,U.S.
909,107,2026-01-24,,USA
910,168,2026/01/03,,USA
911,163,2026-02-24,,USA
912,195,02-03-2026,124.0,United States
913,111,2026/02/21,,United States
914,179,02-02-2026,970.0,USA
915,142,2026/02/12,,USA
916,121,29-01-2026,275.0,U.S.
917,176,25-02-2026,670.0,US
918,149,2026-01-18,,US
919,147,2026-01-20,738.0,US
920,181,28-01-2026,389.0,U.S.
921,176,2026/02/20,860.0,United States
922,185,2026-01-24,781.0,United States
923,103,2026/02/27,,USA
924,104,14-01-2026,787.0,US
925,104,2026-03-01,927.0,United States
926,176,2026-01-21,734.0,United States
927,154,2026/03/02,517.0,U.S.
928,111,2026/02/02,,United States
929,169,2026/01/23,,USA
930,116,2026-01-04,456.0,United States
931,108,04-02-2026,338.0,USA
932,194,2026-02-18,866.0,USA
933,172,2026/02/07,258.0,US
934,182,2026-01-10,249.0,USA
935,125,02-02-2026,,USA
936,129,2026-01-02,,US
937,184,2026/01/11,149.0,United States
938,176,08-02-2026,489.0,US
939,102,2026-02-22,181.0,U.S.
940,195,2026-02-19,,USA
941,163,27-02-2026,724.0,USA
942,150,17-01-2026,550.0,USA
943,155,2026-02-24,,United States
944,149,2026/01/09,,U.S.
945,165,2026-02-08,672.0,USA
946,148,05-02-2026,,U.S.
947,155,2026-01-31,766.0,USA
948,187,15-01-2026,289.0,United States
949,120,2026-02-19,,U.S.
950,154,01-02-2026,473.0,U.S.
951,153,2026-03-02,,U.S.
952,123,20-02-2026,170.0,US
953,180,2026/01/23,151.0,U.S.
954,142,2026/01/03,,USA
955,166,03-02-2026,663.0,USA
956,192,2026/02/22,,US
957,136,2026/02/02,988.0,US
958,134,25-01-2026,,United States
959,113,2026/01/27,373.0,U.S.
960,101,2026/01/28,,US
961,117,2026/02/27,535.0,U.S.
962,169,2026-01-12,427.0,US
963,192,2026/01/06,,US
964,145,2026/02/23,,U.S.
965,198,01-02-2026,637.0,USA
966,179,17-02-2026,887.0,USA
967,177,23-02-2026,,U.S.
968,179,2026-01-14,826.0,USA
969,136,05-02-2026,209.0,USA
970,194,2026/02/02,,US
971,200,2026/02/12,472.0,USA
972,190,01-03-2026,507.0,USA
973,184,2026/01/02,,U.S.
974,190,2026/01/16,,USA
975,159,17-02-2026,,USA
976,197,2026-01-19,,U.S.
977,196,2026/02/06,585.0,USA
978,109,15-02-2026,603.0,USA
979,126,05-02-2026,257.0,USA
980,200,2026-01-28,,United States
981,131,2026/02/14,666.0,US
982,170,2026-02-22,949.0,U.S.
983,136,30-01-2026,902.0,United States
984,168,24-01-2026,,US
985,169,2026/02/18,648.0,United States
986,126,2026/02/19,,USA
987,115,2026-01-18,,U.S.
988,159,2026-01-27,116.0,U.S.
989,123,2026-02-14,,United States
990,102,2026-01-15,206.0,U.S.
991,154,2026/03/02,,USA
992,190,2026-01-11,697.0,United States
993,110,2026-02-16,108.0,United States
994,103,2026-01-28,,USA
995,154,14-01-2026,586.0,USA
996,193,2026/02/26,,U.S.
997,190,2026-02-18,,United States
998,165,2026/01/31,949.0,USA
999,189,2026/01/10,666.0,US
1000,175,07-02-2026,,USA
1001,153,2026-01-01,,US
1002,121,2026/02/06,,United States
1003,132,2026-01-09,,United States
1004,194,17-01-2026,,U.S.
1005,168,2026-01-21,698.0,United States
1006,184,06-02-2026,,United States
1007,133,2026-01-23,247.0,US
1008,139,06-01-2026,191.0,USA
1009,170,05-02-2026,947.0,USA
1010,193,13-02-2026,978.0,United States
1011,163,2026-01-12,,USA
1012,188,2026-01-16,418.0,US
1013,160,01-01-2026,288.0,USA
1014,119,25-02-2026,,United States
1015,165,15-02-2026,,USA
1016,139,08-01-2026,,U.S.
1017,197,2026/02/03,,United States
1018,147,04-02-2026,,USA
1019,153,03-02-2026,,United States
1020,164,2026-02-04,580.0,U.S.
1021,106,14-01-2026,423.0,United States
1022,185,2026/02/07,565.0,United States
1023,189,2026/01/07,,USA
1024,190,2026-02-15,,United States
1025,175,2026-01-25,,U.S.
1026,146,2026/03/02,479.0,USA
1027,144,2026/02/26,737.0,US
1028,156,2026/02/04,742.0,US
1029,172,13-02-2026,,United States
1030,100,2026/02/06,,U.S.
1031,118,27-01-2026,796.0,US
1032,200,16-02-2026,,USA
1033,167,20-02-2026,,USA
1034,108,2026-02-03,,U.S.
1035,176,01-03-2026,,U.S.
1036,185,2026-02-27,,U.S.
1037,122,2026/01/04,937.0,US
1038,144,2026-03-01,299.0,U.S.
1039,165,2026-02-22,205.0,US
1040,149,2026-01-13,,USA
1041,104,13-02-2026,,U.S.
1042,191,2026/01/07,,USA
1043,197,02-01-2026,,US
1044,149,16-02-2026,136.0,U.S.
1045,108,2026/02/03,,United States
1046,159,2026/01/11,,USA
1047,160,05-02-2026,,US
1048,148,06-02-2026,146.0,USA
1049,173,2026-02-15,,US
1050,133,2026/03/01,456.0,USA
1051,180,2026-01-11,922.0,United States
1052,121,2026-02-23,,United States
1053,167,27-01-2026,,US
1054,155,23-01-2026,404.0,USA
1055,137,2026-01-08,,U.S.
1056,113,07-01-2026,,U.S.
1057,117,2026/01/24,,United States
1058,116,2026-02-16,,USA
1059,167,17-01-2026,,U.S.
1060,192,2026/02/03,,US
1061,146,27-01-2026,,USA
1062,161,2026-02-03,387.0,United States
1063,137,27-02-2026,743.0,US
1064,112,2026-01-03,214.0,USA
1065,167,2026/01/08,,USA
1066,107,2026/01/08,998.0,United States
1067,136,2026-02-10,,United States
1068,149,04-02-2026,,USA
1069,138,12-01-2026,415.0,US
1070,136,07-02-2026,876.0,United States
1071,159,09-02-2026,815.0,USA
1072,157,2026/02/28,523.0,U.S.
1073,100,2026/02/21,,U.S.
1074,191,28-02-2026,,USA
1075,154,2026-02-13,,United States
1076,165,2026/02/25,958.0,U.S.
1077,112,2026-01-08,744.0,United States
1078,137,2026/01/15,,US
1079,162,2026/01/03,490.0,US
1080,139,2026/02/27,,United States
1081,185,2026/01/30,,U.S.
1082,185,2026/02/25,,US
1083,161,27-01-2026,,United States
1084,110,2026-01-14,,U.S.
1085,200,2026-01-05,,USA
1086,119,2026/01/16,622.0,USA
1087,110,2026/02/22,,United States
1088,171,02-02-2026,190.0,USA
1089,179,09-02-2026,,U.S.
1090,170,2026/02/02,286.0,USA
1091,148,2026-02-27,,US
1092,103,2026-02-28,461.0,U.S.
1093,144,17-01-2026,,US
1094,101,2026/02/21,833.0,USA
1095,148,16-01-2026,,USA
1096,122,2026/02/23,757.0,US
1097,156,29-01-2026,,US
1098,115,19-02-2026,,United States
1099,144,2026/02/06,,US
1100,103,2026-02-18,,United States
1101,139,2026-02-17,448.0,USA
1102,116,2026/02/23,,USA
1103,103,2026-02-07,763.0,U.S.
1104,119,2026/02/15,872.0,USA
1105,167,2026-03-01,851.0,U.S.
1106,148,2026-01-15,161.0,USA
1107,136,2026/02/02,508.0,US
1108,101,2026/01/28,707.0,USA
1109,139,06-01-2026,842.0,USA
1110,193,03-02-2026,822.0,United States
1111,194,2026-02-08,,United States
1112,187,2026/02/18,,US
1113,180,05-01-2026,,U.S.
1114,105,2026-01-01,,United States
1115,146,2026/01/22,957.0,US
1116,199,24-02-2026,122.0,US
1117,172,2026/02/18,454.0,U.S.
1118,143,2026-02-11,327.0,USA
1119,179,2026-02-05,,USA
1120,157,17-02-2026,743.0,United States
1121,173,2026-01-29,561.0,United States
1122,119,01-03-2026,631.0,United States
1123,129,20-02-2026,,USA
1124,179,10-02-2026,,United States
1125,141,2026/01/24,245.0,United States
1126,102,04-02-2026,356.0,U.S.
1127,127,2026-02-03,,US
1128,162,2026/02/28,,USA
1129,107,09-01-2026,,U.S.
1130,198,09-02-2026,373.0,U.S.
1131,106,2026-01-11,,USA
1132,141,23-01-2026,,US
1133,171,03-01-2026,937.0,US
1134,108,18-01-2026,,US
1135,139,25-01-2026,,U.S.
1136,107,2026/01/11,915.0,USA
1137,102,07-02-2026,,US
1138,151,08-02-2026,,U.S.
1139,198,2026-01-06,,US
1140,115,2026-01-30,543.0,US
1141,164,2026/02/15,,U.S.
1142,159,2026/02/16,956.0,U.S.
1143,164,2026-01-18,,US
1144,100,2026/02/04,,USA
1145,183,11-02-2026,,USA
1146,184,2026/01/16,586.0,US
1147,183,2026-02-01,,USA
1148,187,2026/01/10,160.0,US
1149,164,2026-01-18,210.0,US
1150,129,2026/02/28,864.0,United States
1151,195,16-01-2026,443.0,U.S.
1152,163,06-02-2026,,USA
1153,111,2026-01-24,603.0,United States
1154,200,2026-01-28,,United States
1155,180,2026-01-30,213.0,US
1156,181,23-02-2026,966.0,US
1157,163,2026-02-15,,US
1158,194,05-02-2026,,United States
1159,117,2026-02-19,742.0,U.S.
1160,164,2026/02/19,,USA
1161,164,2026/01/27,189.0,US
1162,123,2026/01/15,,United States
1163,154,2026-02-24,,United States
1164,168,2026-02-16,,USA
1165,111,2026/02/13,523.0,USA
1166,142,2026/01/26,341.0,U.S.
1167,190,26-02-2026,,US
1168,190,2026/02/17,810.0,United States
1169,107,2026-01-18,230.0,US
1170,139,2026/02/22,,United States
1171,118,2026-02-20,,United States
1172,143,2026-01-18,607.0,United States
1173,155,2026-02-17,571.0,US
1174,116,2026-01-19,,US
1175,135,12-02-2026,,United States
1176,195,2026/02/06,,USA
1177,164,2026/01/12,,USA
1178,146,09-01-2026,740.0,United States
1179,170,2026-03-02,116.0,USA
1180,190,2026-01-21,,USA
1181,124,2026-01-20,,U.S.
1182,167,2026/01/25,405.0,U.S.
1183,142,05-01-2026,,USA
1184,131,2026-01-08,,United States
1185,169,2026-01-31,,U.S.
1186,113,2026-02-23,,USA
1187,143,2026-02-09,,USA
1188,173,2026-01-28,997.0,United States
1189,125,2026-01-02,,US
1190,196,2026/03/02,257.0,USA
1191,135,2026/02/13,,USA
1192,176,2026/02/24,,USA
1193,190,2026/01/13,542.0,United States
1194,100,2026-01-02,272.0,United States
1195,147,2026/02/11,,US
1196,167,2026-02-25,,United States
1197,117,2026-01-23,802.0,U.S.
1198,109,31-01-2026,,U.S.
1199,140,11-02-2026,932.0,U.S.
1200,136,2026/02/28,,USA
1201,122,2026/01/26,,United States
1202,176,17-02-2026,,US
1203,193,02-01-2026,,United States
1204,154,29-01-2026,,United States
1205,164,2026-01-30,959.0,U.S.
1206,107,2026/01/18,144.0,United States
1207,194,2026/01/15,,US
1208,125,10-02-2026,,U.S.
1209,183,2026-02-26,861.0,US
1210,198,2026/02/12,,U.S.
1211,132,31-01-2026,542.0,United States
1212,123,23-02-2026,452.0,USA
1213,114,2026/02/02,,US
1214,111,2026-02-25,809.0,USA
1215,147,13-01-2026,,US
1216,149,2026-02-07,854.0,U.S.
1217,190,28-02-2026,,US
1218,119,2026-02-03,821.0,US
1219,110,06-01-2026,,US
1220,181,2026-02-13,310.0,United States
1221,126,2026-02-28,,United States
1222,172,2026-01-01,,US
1223,132,2026/02/05,708.0,US
1224,155,2026/02/20,,United States
1225,181,2026-01-25,,U.S.
1226,200,2026/01/13,,U.S.
1227,128,2026/01/14,628.0,USA
1228,116,2026/01/21,173.0,USA
1229,158,2026/01/12,,US
1230,173,2026-02-16,,U.S.
1231,197,2026-02-17,,United States
1232,172,2026/01/26,697.0,US
1233,177,2026-01-13,,USA
1234,118,2026/02/14,478.0,US
1235,199,2026-01-25,,US
1236,124,06-02-2026,,USA
1237,139,26-01-2026,853.0,United States
1238,147,2026-02-14,,USA
1239,181,2026/01/03,189.0,U.S.
1240,192,11-02-2026,738.0,U.S.
1241,171,2026-02-28,,US
1242,107,2026/02/20,,United States
1243,137,2026/03/01,,United States
1244,171,2026-01-21,,U.S.
1245,167,2026-01-14,,United States
1246,129,21-02-2026,,US
1247,106,2026/01/16,554.0,U.S.
1248,117,2026/03/01,836.0,United States
1249,173,2026/02/07,625.0,United States
1250,199,2026/01/07,,US
1251,128,2026-02-18,,US
1252,200,2026-02-18,,United States
1253,180,2026/01/24,333.0,US
1254,174,2026/02/13,236.0,U.S.
1255,157,01-03-2026,717.0,U.S.
1256,172,2026/02/28,776.0,U.S.
1257,200,2026-01-16,,US
1258,161,2026/02/16,,US
1259,196,02-03-2026,,USA
1260,180,25-02-2026,641.0,U.S.
1261,132,08-01-2026,822.0,U.S.
1262,200,2026-02-19,580.0,U.S.
1263,174,2026-02-05,,U.S.
1264,136,08-01-2026,384.0,U.S.
1265,180,2026/02/21,411.0,US
1266,153,2026-01-16,,United States
1267,117,26-02-2026,,US
1268,185,2026/01/30,,U.S.
1269,181,2026/02/08,,USA
1270,181,03-01-2026,295.0,US
1271,102,2026-02-19,,United States
1272,108,2026/02/07,,US
1273,117,2026/02/11,592.0,US
1274,152,26-01-2026,445.0,USA
1275,116,30-01-2026,732.0,U.S.
1276,159,2026/01/09,401.0,United States
1277,155,2026/02/18,441.0,U.S.
1278,191,2026/01/31,,U.S.
1279,112,20-02-2026,,United States
1280,109,2026-01-23,,U.S.
1281,132,12-02-2026,835.0,US
1282,178,2026-01-31,,US
1283,124,27-01-2026,789.0,U.S.
1284,182,2026/01/13,411.0,US
1285,178,2026-02-16,,U.S.
1286,139,2026-02-19,,United States
1287,141,2026/02/01,469.0,USA
1288,110,2026/01/16,308.0,US
1289,122,09-01-2026,,US
1290,133,2026-01-14,,USA
1291,165,2026-01-09,377.0,USA
1292,193,2026/01/13,,United States
1293,114,04-01-2026,694.0,USA
1294,192,2026/01/30,368.0,U.S.
1295,183,2026/01/04,702.0,U.S.
1296,167,2026/02/18,195.0,United States
1297,166,2026/01/21,,USA
1298,156,2026/03/02,926.0,US
1299,148,2026/01/17,941.0,USA
1300,102,2026/03/02,,USA
1301,153,01-03-2026,784.0,US
1302,167,2026-02-20,350.0,USA
1303,131,10-02-2026,,US
1304,113,25-01-2026,,USA
1305,173,2026-02-23,616.0,United States
1306,108,2026/01/08,306.0,US
1307,155,2026/02/18,324.0,USA
1308,158,23-02-2026,,United States
1309,129,14-01-2026,,US
1310,166,23-02-2026,,United States
1311,194,02-02-2026,,US
1312,106,2026-01-15,640.0,US
1313,186,2026/02/17,,United States
1314,162,2026/01/17,543.0,US
1315,180,07-01-2026,974.0,US
1316,196,2026/02/28,,USA
1317,147,2026/01/04,847.0,US
1318,148,2026/01/31,,U.S.
1319,140,2026-02-15,,U.S.
1320,142,2026-02-16,444.0,United States
1321,117,02-02-2026,,USA
1322,140,12-02-2026,176.0,USA
1323,200,06-01-2026,124.0,US
1324,120,2026/02/13,249.0,United States
1325,200,2026-01-18,847.0,USA
1326,151,2026/01/02,472.0,United States
1327,142,29-01-2026,,United States
1328,156,2026/01/18,828.0,United States
1329,193,2026/01/19,,US
1330,142,2026-01-27,,United States
1331,119,2026/02/08,588.0,US
1332,135,01-03-2026,349.0,U.S.
1333,128,24-02-2026,,United States
1334,113,17-02-2026,,United States
1335,150,2026/02/25,918.0,US
1336,178,2026-01-09,,United States
1337,109,2026-01-18,793.0,USA
1338,124,2026-02-02,,United States
1339,198,2026-02-15,951.0,US
1340,160,2026-02-26,,US
1341,177,2026-01-12,812.0,U.S.
1342,154,2026-02-26,256.0,USA
1343,132,15-02-2026,,U.S.
1344,178,2026/02/13,625.0,U.S.
1345,141,2026/01/24,,USA
1346,136,21-01-2026,,United States
1347,126,2026-01-04,218.0,U.S.
1348,189,2026-02-19,,USA
1349,184,2026/02/27,322.0,US
1350,183,2026-02-19,,U.S.
1351,146,2026/01/28,388.0,United States
1352,157,2026-02-15,281.0,US
1353,200,2026-02-16,238.0,US
1354,114,14-01-2026,,U.S.
1355,195,08-02-2026,462.0,United States
1356,149,2026/02/27,,United States
1357,139,10-02-2026,508.0,US
1358,123,2026/02/06,856.0,USA
1359,194,2026-02-13,668.0,United States
1360,188,2026-01-13,593.0,U.S.
1361,184,25-01-2026,843.0,US
1362,133,2026-01-25,808.0,USA
1363,182,2026/02/02,761.0,United States
1364,103,2026/02/21,350.0,US
1365,156,27-02-2026,850.0,US
1366,103,2026-02-07,998.0,United States
1367,128,2026-02-11,,US
1368,196,21-01-2026,,USA
1369,134,15-02-2026,895.0,USA
1370,169,01-02-2026,,USA
1371,155,30-01-2026,713.0,US
1372,166,2026/01/31,,United States
1373,100,2026-01-27,,United States
1374,181,2026-01-10,900.0,US
1375,160,2026-02-16,,U.S.
1376,191,2026-01-21,818.0,USA
1377,131,2026-01-05,488.0,USA
1378,187,2026/01/17,,United States
1379,126,2026/01/29,716.0,US
1380,166,2026/02/21,,US
1381,169,2026-02-15,,United States
1382,109,2026-01-19,,U.S.
1383,171,2026-02-15,,United States
1384,132,2026-01-15,,USA
1385,188,2026/02/21,,US
1386,172,26-02-2026,,U.S.
1387,180,2026-02-01,981.0,United States
1388,110,2026/01/15,,U.S.
1389,123,2026-01-09,516.0,US
1390,140,2026/01/18,904.0,USA
1391,179,2026/01/14,764.0,United States
1392,116,2026-01-03,,US
1393,102,21-01-2026,,USA
1394,200,2026-01-08,811.0,United States
1395,170,02-02-2026,,United States
1396,145,2026/02/21,598.0,United States
1397,187,03-02-2026,718.0,U.S.
1398,194,06-02-2026,280.0,USA
1399,130,2026-01-26,,US
1400,170,2026-01-30,,US
1401,150,2026/02/22,477.0,US
1402,178,2026-01-16,536.0,United States
1403,155,2026/02/14,794.0,U.S.
1404,124,19-01-2026,,United States
1405,177,2026-01-21,403.0,USA
1406,115,22-02-2026,484.0,United States
1407,183,2026/03/01,492.0,US
1408,133,2026-02-17,196.0,United States
1409,112,14-01-2026,,United States
1410,182,2026/02/03,736.0,U.S.
1411,146,2026-02-20,389.0,U.S.
1412,123,2026-02-19,645.0,U.S.
1413,154,12-02-2026,,USA
1414,120,2026/02/03,716.0,United States
1415,192,2026/02/15,220.0,United States
1416,171,20-01-2026,,U.S.
1417,108,2026/02/12,998.0,United States
1418,172,2026/01/28,219.0,USA
1419,193,22-02-2026,,US
1420,167,2026-02-23,333.0,U.S.
1421,118,11-01-2026,907.0,US
1422,159,2026/01/06,,US
1423,157,28-02-2026,828.0,U.S.
1424,151,2026/02/26,,USA
1425,179,13-02-2026,,USA
1426,121,2026/01/29,,United States
1427,100,26-01-2026,,US
1428,139,2026/01/22,961.0,US
1429,181,2026-01-11,962.0,USA
1430,104,2026-01-26,798.0,United States
1431,192,2026/01/01,,USA
1432,124,2026/02/20,,USA
1433,133,2026-02-13,508.0,United States
1434,121,2026/01/19,820.0,USA
1435,163,27-01-2026,,US
1436,167,2026/02/12,,U.S.
1437,119,2026-01-09,,United States
1438,145,2026/01/07,366.0,United States
1439,123,2026/02/27,144.0,US
1440,106,2026/02/11,562.0,USA
1441,110,2026-02-16,,US
1442,105,2026/02/24,,US
1443,144,2026-01-30,,US
1444,200,2026/01/26,654.0,U.S.
1445,117,06-01-2026,438.0,United States
1446,107,2026-01-10,816.0,United States
1447,134,2026/03/01,324.0,US
1448,144,13-01-2026,,US
1449,197,2026-02-10,,U.S.
1450,103,24-01-2026,,US
1451,157,2026-02-21,,US
1452,157,15-01-2026,,USA
1453,132,24-02-2026,558.0,US
1454,194,09-01-2026,,U.S.
1455,132,2026/02/21,315.0,US
1456,173,2026/02/09,,US
1457,198,2026-01-31,,US
1458,124,2026/01/14,,US
1459,145,2026/01/23,365.0,USA
1460,173,2026-02-07,402.0,U.S.
1461,172,01-02-2026,397.0,USA
1462,155,20-01-2026,,United States
1463,151,2026/02/20,502.0,USA
1464,189,2026-01-18,118.0,United States
1465,121,2026/02/08,381.0,U.S.
1466,192,2026/01/21,,USA
1467,141,2026-01-15,,United States
1468,100,14-02-2026,,United States
1469,147,05-02-2026,744.0,USA
1470,149,2026/02/20,609.0,United States
1471,153,2026/01/18,806.0,USA
1472,184,2026/02/12,673.0,U.S.
1473,124,2026/01/08,626.0,US
1474,185,2026/02/15,,United States
1475,152,28-02-2026,,U.S.
1476,192,2026/01/12,152.0,United States
1477,119,2026/01/30,,United States
1478,192,2026-02-10,,United States
1479,191,2026/02/27,278.0,US
1480,123,20-02-2026,905.0,USA
1481,175,28-01-2026,,United States
1482,135,02-01-2026,,U.S.
1483,157,15-01-2026,455.0,U.S.
1484,156,2026-01-05,276.0,United States
1485,196,2026/01/23,,U.S.
1486,165,27-01-2026,661.0,U.S.
1487,167,2026-02-07,663.0,US
1488,135,2026-01-13,841.0,US
1489,117,2026/02/01,706.0,United States
1490,184,2026-02-22,913.0,U.S.
1491,173,2026-02-06,890.0,U.S.
1492,184,2026/01/08,697.0,USA
1493,160,2026-02-23,,United States
1494,132,2026/01/21,,USA
1495,194,2026/02/20,965.0,USA
1496,186,28-01-2026,,USA
1497,193,2026-02-16,111.0,United States
1498,184,30-01-2026,827.0,U.S.
1499,130,2026-01-10,,USA
1500,154,30-01-2026,976.0,United States
1501,190,2026-01-14,,U.S.
1502,150,03-02-2026,,United States
1503,200,17-02-2026,618.0,United States
1504,179,2026/01/05,,U.S.
1505,184,2026-02-21,808.0,US
1506,187,18-01-2026,237.0,United States
1507,122,28-01-2026,,U.S.
1508,103,15-01-2026,,U.S.
1509,181,2026-01-04,,U.S.
1510,134,16-01-2026,932.0,U.S.
1511,197,2026-01-18,,U.S.
1512,165,2026-02-16,688.0,U.S.
1513,193,2026/02/08,,U.S.
1514,200,2026/01/22,,US
1515,198,2026/01/15,827.0,United States
1516,130,31-01-2026,606.0,US
1517,125,02-01-2026,,US
1518,196,2026-02-22,,U.S.
1519,177,2026/02/01,598.0,U.S.
1520,189,09-02-2026,594.0,United States
1521,124,2026-01-24,,US
1522,139,2026-02-04,749.0,US
1523,193,06-02-2026,842.0,U.S.
1524,158,2026-02-11,492.0,U.S.
1525,182,13-01-2026,514.0,US
1526,107,2026/02/26,,United States
1527,154,2026/02/21,,United States
1528,178,2026/02/27,101.0,USA
1529,181,2026/02/09,,U.S.
1530,146,2026-03-02,682.0,United States
1531,130,01-01-2026,134.0,USA
1532,189,20-02-2026,663.0,U.S.
1533,181,25-01-2026,,United States
1534,169,17-02-2026,692.0,United States
1535,162,2026/01/14,980.0,U.S.
1536,192,2026/01/18,818.0,U.S.
1537,156,2026-02-18,,United States
1538,140,04-02-2026,173.0,US
1539,117,2026-02-14,109.0,USA
1540,168,2026-01-28,131.0,US
1541,184,2026/02/05,195.0,USA
1542,189,2026-02-07,128.0,USA
1543,109,13-01-2026,593.0,United States
1544,175,04-01-2026,,US
1545,187,2026-01-03,517.0,United States
1546,149,23-01-2026,,U.S.
1547,168,2026/01/17,,US
1548,130,2026/01/05,,USA
1549,118,11-01-2026,203.0,U.S.
1550,150,2026/01/25,,United States
1551,109,2026-01-17,814.0,USA
1552,128,2026-01-19,414.0,U.S.
1553,186,2026-02-27,716.0,United States
1554,153,2026-01-21,338.0,U.S.
1555,183,2026/02/26,,U.S.
1556,134,2026-02-05,,U.S.
1557,146,2026-01-01,,US
1558,170,2026-01-09,308.0,USA
1559,171,2026-01-26,,U.S.
1560,169,20-02-2026,858.0,USA
1561,191,2026/01/31,296.0,USA
1562,194,2026/02/01,,US
1563,148,2026-02-22,,USA
1564,156,2026/01/13,354.0,US
1565,115,2026-02-28,482.0,United States
1566,128,2026-02-27,856.0,USA
1567,180,2026-01-13,,US
1568,101,2026-01-26,328.0,US
1569,155,2026/02/23,358.0,USA
1570,104,2026/01/10,,US
1571,157,21-01-2026,,USA
1572,161,2026/02/16,910.0,U.S.
1573,198,2026/02/28,,U.S.
1574,175,2026/01/13,,United States
1575,147,2026-01-18,567.0,USA
1576,181,2026/02/01,,USA
1577,199,2026-01-29,,U.S.
1578,122,2026/02/27,922.0,US
1579,173,2026-02-21,,USA
1580,148,2026/01/28,,US
1581,184,01-03-2026,,USA
1582,106,2026-02-12,501.0,US
1583,152,25-02-2026,,USA
1584,123,01-02-2026,338.0,United States
1585,157,10-01-2026,568.0,United States
1586,155,2026-01-01,,United States
1587,129,2026-01-22,,USA
1588,157,2026-02-28,582.0,USA
1589,176,2026-01-15,,USA
1590,153,2026-02-28,731.0,USA
1591,113,03-02-2026,685.0,USA
1592,103,08-01-2026,,U.S.
1593,172,2026-02-18,194.0,U.S.
1594,115,2026-01-25,827.0,U.S.
1595,118,16-01-2026,,United States
1596,132,19-01-2026,336.0,USA
1597,139,2026-02-28,715.0,US
1598,183,19-02-2026,,US
1599,178,09-02-2026,,United States
1600,100,2026/01/25,,US
1601,103,2026-01-02,938.0,U.S.
1602,105,29-01-2026,,United States
1603,164,17-02-2026,923.0,USA
1604,165,28-01-2026,,U.S.
1605,106,2026-01-08,887.0,US
1606,116,2026/01/31,,US
1607,123,05-02-2026,134.0,US
1608,193,2026-01-27,177.0,US
1609,135,2026/02/02,,USA
1610,177,2026/02/02,397.0,US
1611,159,17-01-2026,,USA
1612,172,2026-02-22,,US
1613,113,2026/01/19,,U.S.
1614,107,2026/02/10,,United States
1615,182,15-01-2026,833.0,United States
1616,183,2026-01-22,,United States
1617,131,2026-02-18,,USA
1618,123,21-02-2026,,United States
1619,177,2026-01-24,564.0,U.S.
1620,114,03-01-2026,,US
1621,113,2026/02/11,,U.S.
1622,188,2026-01-18,938.0,USA
1623,186,2026/02/20,,USA
1624,137,17-01-2026,827.0,U.S.
1625,112,13-01-2026,290.0,USA
1626,106,2026/02/18,612.0,USA
1627,111,2026-01-05,,US
1628,135,06-01-2026,712.0,U.S.
1629,199,26-02-2026,281.0,USA
1630,153,2026/01/31,574.0,U.S.
1631,130,2026-02-13,897.0,US
1632,162,2026/01/11,,USA
1633,159,2026/01/16,,US
1634,172,2026/01/06,,United States
1635,190,01-02-2026,,US
1636,190,2026/01/16,,United States
1637,129,2026-02-10,874.0,United States
1638,114,2026/01/25,,U.S.
1639,181,02-01-2026,834.0,U.S.
1640,129,2026-02-14,,United States
1641,117,2026/02/22,,U.S.
1642,155,2026-02-01,654.0,U.S.
1643,126,2026-01-31,870.0,United States
1644,198,2026/02/04,,US
1645,180,13-02-2026,465.0,US
1646,120,2026/01/26,301.0,United States
1647,147,12-01-2026,840.0,United States
1648,101,2026-01-10,,United States
1649,135,2026/02/28,592.0,United States
1650,146,12-02-2026,,United States
1651,193,2026/01/23,,United States
1652,145,2026/02/05,,United States
1653,183,31-01-2026,852.0,United States
1654,170,2026-02-17,580.0,US
1655,143,2026/02/15,,US
1656,172,28-01-2026,126.0,U.S.
1657,122,2026-01-04,,US
1658,152,2026/02/28,,US
1659,200,2026/01/01,516.0,US
1660,169,07-01-2026,,United States
1661,170,08-02-2026,,US
1662,171,2026/01/20,505.0,US
1663,131,2026-02-14,563.0,USA
1664,188,23-02-2026,,United States
1665,179,02-02-2026,725.0,USA
1666,182,01-02-2026,151.0,United States
1667,187,13-02-2026,,United States
1668,120,29-01-2026,625.0,USA
1669,191,01-01-2026,946.0,U.S.
1670,127,13-01-2026,,U.S.
1671,133,23-01-2026,,USA
1672,132,2026-02-19,,US
1673,185,2026-01-02,773.0,USA
1674,186,2026/02/15,440.0,U.S.
1675,178,2026/02/03,999.0,United States
1676,190,2026/01/17,777.0,USA
1677,116,2026/01/06,,USA
1678,167,22-01-2026,,U.S.
1679,109,2026/01/26,773.0,USA
1680,102,2026/01/18,,United States
1681,159,25-02-2026,878.0,USA
1682,179,15-01-2026,,U.S.
1683,145,2026-02-14,,US
1684,157,2026/01/24,628.0,U.S.
1685,194,2026/02/12,985.0,USA
1686,180,2026-01-21,759.0,US
1687,108,2026-02-10,813.0,U.S.
1688,179,2026/02/13,519.0,USA
1689,157,23-01-2026,229.0,United States
1690,145,2026-02-25,,US
1691,139,2026/02/15,509.0,U.S.
1692,119,06-01-2026,,US
1693,127,2026-02-14,,United States
1694,142,2026-01-13,,U.S.
1695,121,2026-01-18,,US
1696,176,2026/02/26,186.0,U.S.
1697,172,2026-02-21,,US
1698,111,2026/01/21,,USA
1699,149,2026-03-01,,US
1700,169,2026-02-12,,US
1701,197,2026/02/17,,US
1702,137,30-01-2026,687.0,United States
1703,175,2026-01-26,616.0,United States
1704,137,2026/02/08,,USA
1705,145,2026-02-14,,USA
1706,103,2026-02-21,,U.S.
1707,133,30-01-2026,149.0,USA
1708,139,18-02-2026,444.0,United States
1709,197,2026-01-20,519.0,U.S.
1710,137,24-02-2026,,US
1711,104,2026-02-25,,USA
1712,158,2026-02-26,,U.S.
1713,192,14-01-2026,940.0,USA
1714,136,13-01-2026,,USA
1715,178,2026/02/02,,U.S.
1716,112,2026-01-12,,USA
1717,137,01-03-2026,671.0,USA
1718,141,01-01-2026,916.0,United States
1719,136,2026-01-04,484.0,U.S.
1720,174,2026/02/16,,U.S.
1721,195,2026-01-26,,US
1722,148,20-02-2026,850.0,U.S.
1723,153,13-01-2026,221.0,USA
1724,137,2026/01/31,634.0,U.S.
1725,126,2026-01-20,116.0,US
1726,136,05-01-2026,,US
1727,175,31-01-2026,,US
1728,114,2026-01-27,,United States
1729,165,2026-02-11,847.0,United States
1730,180,2026-02-25,,United States
1731,112,30-01-2026,,United States
1732,117,31-01-2026,739.0,USA
1733,127,2026/02/20,534.0,U.S.
1734,114,2026-01-05,,United States
1735,141,2026-01-22,,USA
1736,112,2026-02-19,,U.S.
1737,184,2026-01-13,441.0,United States
1738,180,10-02-2026,,USA
1739,198,02-03-2026,450.0,United States
1740,200,2026-01-04,366.0,U.S.
1741,198,2026/01/31,443.0,USA
1742,193,2026/01/18,646.0,US
1743,188,2026/01/28,125.0,U.S.
1744,170,24-01-2026,,US
1745,142,2026/02/03,,USA
1746,173,2026/01/21,,U.S.
1747,188,2026/02/09,475.0,U.S.
1748,129,2026-02-16,137.0,U.S.
1749,163,2026-02-25,,US
1750,169,2026/02/28,531.0,United States
1751,109,2026-02-28,,U.S.
1752,179,2026/01/01,,USA
1753,183,2026/02/06,,U.S.
1754,101,26-02-2026,,USA
1755,157,2026/02/26,,United States
1756,138,2026-01-19,,United States
1757,114,2026/01/19,211.0,U.S.
1758,176,26-01-2026,,United States
1759,134,2026/01/28,141.0,US
1760,199,2026/01/26,,US
1761,199,2026-02-04,,United States
1762,188,2026-02-25,374.0,United States
1763,103,01-01-2026,784.0,United States
1764,174,02-01-2026,794.0,U.S.
1765,122,2026/01/12,740.0,U.S.
1766,142,2026-02-26,174.0,US
1767,164,26-02-2026,934.0,US
1768,162,2026-02-16,550.0,USA
1769,113,15-01-2026,153.0,USA
1770,147,2026/02/28,340.0,USA
1771,130,30-01-2026,650.0,U.S.
1772,181,2026-03-02,,US
1773,133,2026-01-01,344.0,United States
1774,161,2026/02/11,,USA
1775,188,2026-01-31,845.0,United States
1776,110,2026-02-28,,US
1777,108,2026-02-22,,USA
1778,114,2026-02-05,119.0,USA
1779,132,19-01-2026,391.0,USA
1780,183,2026-02-12,,U.S.
1781,150,2026-01-19,,USA
1782,190,2026-03-02,237.0,USA
1783,171,2026/02/25,898.0,US
1784,106,27-01-2026,,U.S.
1785,122,2026/01/31,840.0,USA
1786,190,29-01-2026,718.0,United States
1787,115,16-02-2026,315.0,USA
1788,198,2026/01/11,,USA
1789,108,16-02-2026,,U.S.
1790,173,18-02-2026,,USA
1791,147,2026-03-02,,United States
1792,126,2026/02/12,792.0,US
1793,110,2026-01-26,,United States
1794,174,2026/02/18,,USA
1795,140,2026-01-25,,United States
1796,128,2026-01-04,,U.S.
1797,184,2026/01/01,,United States
1798,185,2026-02-10,673.0,United States
1799,115,27-01-2026,,U.S.
1800,125,2026-01-16,252.0,United States
1801,145,2026/01/23,,US
1802,171,2026-02-17,340.0,USA
1803,137,2026-01-05,,United States
1804,134,2026-02-03,664.0,US
1805,100,2026/02/05,790.0,USA
1806,135,29-01-2026,,United States
1807,180,2026-02-12,178.0,United States
1808,175,2026-02-28,,U.S.
1809,162,2026-01-29,,USA
1810,171,2026/01/24,344.0,U.S.
1811,164,2026/02/10,,U.S.
1812,109,07-01-2026,,US
1813,164,01-01-2026,759.0,United States
1814,143,2026/01/26,968.0,U.S.
1815,149,2026-01-28,105.0,USA
1816,120,02-01-2026,166.0,USA
1817,187,2026/03/01,,U.S.
1818,105,2026/02/27,690.0,US
1819,180,2026/01/29,,U.S.
1820,130,21-02-2026,736.0,U.S.
1821,112,20-02-2026,,U.S.
1822,132,2026/01/02,,US
1823,146,10-02-2026,322.0,US
1824,115,10-01-2026,,US
1825,142,2026/02/23,412.0,USA
1826,108,07-02-2026,334.0,U.S.
1827,110,14-02-2026,801.0,United States
1828,125,03-02-2026,,United States
1829,200,2026/01/26,721.0,USA
1830,154,12-02-2026,,USA
1831,181,19-01-2026,275.0,U.S.
1832,121,2026-01-19,,U.S.
1833,112,2026/02/11,400.0,USA
1834,155,2026-02-12,959.0,US
1835,132,10-02-2026,258.0,US
1836,186,2026-01-15,958.0,United States
1837,192,2026/03/02,,USA
1838,178,26-01-2026,,United States
1839,131,16-01-2026,922.0,United States
1840,166,2026-01-09,856.0,US
1841,176,2026/02/15,390.0,US
1842,151,09-01-2026,914.0,USA
1843,110,2026/01/18,,USA
1844,167,2026/01/10,161.0,US
1845,117,2026/02/27,325.0,USA
1846,173,2026/01/15,,USA
1847,186,2026/02/03,627.0,USA
1848,193,2026-01-16,145.0,USA
1849,165,2026/02/20,993.0,U.S.
1850,108,02-03-2026,431.0,USA
1851,122,11-02-2026,,U.S.
1852,117,2026/01/29,,USA
1853,132,25-01-2026,,U.S.
1854,130,2026-01-21,,US
1855,128,03-01-2026,448.0,USA
1856,173,2026/01/26,,USA
1857,157,2026/01/14,635.0,United States
1858,130,14-01-2026,,U.S.
1859,125,14-02-2026,294.0,USA
1860,119,2026/02/16,,United States
1861,172,2026-01-19,,USA
1862,173,22-02-2026,939.0,US
1863,132,2026-01-28,664.0,USA
1864,143,06-01-2026,638.0,USA
1865,185,2026/01/31,,USA
1866,174,2026/02/04,861.0,United States
1867,101,2026/01/17,,United States
1868,160,28-02-2026,499.0,U.S.
1869,186,08-02-2026,379.0,US
1870,181,2026/01/03,,United States
1871,100,2026/03/01,,U.S.
1872,162,2026-02-06,,U.S.
1873,188,2026-01-21,,US
1874,163,2026/01/13,737.0,U.S.
1875,193,2026/03/02,406.0,United States
1876,147,16-01-2026,,US
1877,174,2026/02/28,,USA
1878,185,2026-02-15,,USA
1879,137,03-02-2026,,US
1880,150,2026-01-20,,United States
1881,117,2026-01-06,,USA
1882,163,2026/01/22,,US
1883,147,01-01-2026,,U.S.
1884,155,2026/01/12,165.0,U.S.
1885,176,2026-02-06,589.0,U.S.
1886,131,16-01-2026,180.0,U.S.
1887,183,2026-02-20,197.0,USA
1888,170,2026-02-13,,U.S.
1889,119,01-02-2026,,United States
1890,136,2026-01-10,,USA
1891,101,12-02-2026,268.0,USA
1892,162,08-01-2026,180.0,United States
1893,147,2026-01-30,,USA
1894,165,2026/01/17,743.0,United States
1895,148,2026/02/09,,USA
1896,150,28-01-2026,134.0,USA
1897,122,2026/02/10,446.0,United States
1898,150,2026-02-17,,USA
1899,114,2026/02/28,418.0,USA
1900,186,2026/01/01,,USA
1901,197,25-02-2026,511.0,USA
1902,182,2026-01-21,282.0,USA
1903,172,04-01-2026,,U.S.
1904,194,2026-01-25,,U.S.
1905,145,2026-02-05,,U.S.
1906,192,2026/01/14,,USA
1907,150,21-02-2026,,USA
1908,187,2026/01/25,200.0,US
1909,157,2026-01-07,623.0,United States
1910,144,2026-01-24,,USA
1911,122,2026/02/22,,USA
1912,197,06-01-2026,447.0,US
1913,154,2026-02-21,,US
1914,165,2026-01-22,,US
1915,111,26-01-2026,932.0,USA
1916,186,2026/01/26,,USA
1917,148,06-02-2026,968.0,U.S.
1918,182,01-02-2026,480.0,United States
1919,149,10-01-2026,,United States
1920,121,27-02-2026,,United States
1921,106,01-02-2026,,U.S.
1922,130,2026-02-26,617.0,U.S.
1923,100,23-01-2026,968.0,US
1924,189,2026/02/07,337.0,USA
1925,179,2026-02-25,,USA
1926,199,2026/02/19,719.0,United States
1927,155,2026/01/02,,U.S.
1928,169,2026-02-04,506.0,USA
1929,106,27-01-2026,666.0,USA
1930,142,11-02-2026,,U.S.
1931,114,08-02-2026,506.0,US
1932,120,2026/02/01,204.0,US
1933,148,2026/01/26,,U.S.
1934,137,01-02-2026,,United States
1935,197,31-01-2026,,U.S.
1936,150,14-02-2026,993.0,US
1937,179,2026-02-28,467.0,United States
1938,115,08-01-2026,463.0,USA
1939,190,28-01-2026,563.0,USA
1940,137,2026-02-16,313.0,USA
1941,138,2026-01-25,,United States
1942,185,2026-01-13,629.0,United States
1943,162,2026-02-21,338.0,United States
1944,120,10-02-2026,763.0,United States
1945,153,2026/01/10,430.0,USA
1946,192,2026/02/02,,United States
1947,104,05-01-2026,,US
1948,176,18-02-2026,,USA
1949,157,05-01-2026,,USA
1950,178,2026-01-10,182.0,U.S.
1951,128,2026/01/18,129.0,United States
1952,118,2026/01/23,,United States
1953,101,10-02-2026,662.0,U.S.
1954,173,2026-02-03,586.0,USA
1955,128,2026-02-15,,U.S.
1956,115,2026-01-29,,United States
1957,150,2026/02/24,705.0,US
1958,145,12-01-2026,717.0,United States
1959,101,2026-02-07,,U.S.
1960,144,17-01-2026,695.0,US
1961,200,2026-02-18,,US
1962,109,2026-01-04,,U.S.
1963,183,2026-01-21,625.0,US
1964,155,2026/01/12,,US
1965,118,2026-01-28,,USA
1966,181,2026-01-25,,United States
1967,140,2026/01/02,609.0,USA
1968,129,16-02-2026,630.0,US
1969,195,2026/02/26,625.0,USA
1970,149,18-01-2026,,U.S.
1971,144,2026/02/02,,USA
1972,138,2026/01/06,,U.S.
1973,114,21-01-2026,416.0,United States
1974,176,2026-01-28,488.0,U.S.
1975,160,2026-02-27,580.0,U.S.
1976,169,2026-01-25,,US
1977,165,2026/01/20,468.0,USA
1978,145,2026/02/13,746.0,U.S.
1979,199,2026-01-13,,US
1980,190,2026/01/09,969.0,US
1981,146,2026-02-27,,U.S.
1982,182,10-01-2026,,USA
1983,105,06-01-2026,,USA
1984,191,16-02-2026,,United States
1985,154,2026-02-13,,United States
1986,113,17-01-2026,,US
1987,114,2026-02-16,,US
1988,153,2026/01/12,,USA
1989,138,05-02-2026,364.0,USA
1990,195,2026-01-22,,USA
1991,189,2026/01/18,931.0,U.S.
1992,167,2026-01-06,351.0,US
1993,149,2026-02-19,869.0,U.S.
1994,198,12-01-2026,,U.S.
1995,197,2026/01/14,809.0,United States
1996,187,2026-01-12,,U.S.
1997,173,2026-01-01,557.0,US
1998,174,2026-02-05,546.0,U.S.
1999,154,15-01-2026,978.0,USA
238,138,2026/02/28,646.0,USA
37,134,2026/01/15,435.0,US
433,142,09-01-2026,,United States
35,133,2026/02/10,781.0,U.S.
1283,124,27-01-2026,789.0,U.S.
1417,108,2026/02/12,998.0,United States
1614,107,2026/02/10,,United States
1739,198,02-03-2026,450.0,United States
208,161,2026-02-09,,United States
1092,103,2026-02-28,461.0,U.S.
1209,183,2026-02-26,861.0,US
1844,167,2026/01/10,161.0,US
1099,144,2026/02/06,,US
1533,181,25-01-2026,,United States
418,181,2026-02-07,,US
55,170,10-02-2026,,United States
1696,176,2026/02/26,186.0,U.S.
1836,186,2026-01-15,958.0,United States
1818,105,2026/02/27,690.0,US
676,112,16-01-2026,516.0,USA
364,106,2026-02-09,,USA
54,172,2026-01-17,659.0,US
927,154,2026/03/02,517.0,U.S.
1324,120,2026/02/13,249.0,United States
1294,192,2026/01/30,368.0,U.S.
1078,137,2026/01/15,,US
319,182,2026/01/10,158.0,U.S.
839,197,2026-01-14,,USA
901,154,2026-01-24,,United States
334,158,2026-01-15,590.0,United States
1174,116,2026-01-19,,US
1612,172,2026-02-22,,US
1639,181,02-01-2026,834.0,U.S.
1497,193,2026-02-16,111.0,United States
365,142,16-01-2026,,U.S.
1197,117,2026-01-23,802.0,U.S.
1037,122,2026/01/04,937.0,US
987,115,2026-01-18,,U.S.
1896,150,28-01-2026,134.0,USA
345,105,2026-01-10,,United States
769,103,2026/01/06,259.0,US
64,165,2026-01-31,124.0,U.S.
182,181,2026-01-28,765.0,U.S.
407,128,2026/03/01,,United States
285,119,2026-02-06,,United States
1160,164,2026/02/19,,USA
860,144,2026-02-26,,USA
16,196,25-02-2026,,USA
1051,180,2026-01-11,922.0,United States
202,100,2026-01-18,,U.S.
881,151,21-01-2026,810.0,US
1955,128,2026-02-15,,U.S.
1553,186,2026-02-27,716.0,United States
409,188,2026-01-10,,U.S.
819,114,2026/01/14,,United States
1949,157,05-01-2026,,USA
1507,122,28-01-2026,,U.S.
1560,169,20-02-2026,858.0,USA
1961,200,2026-02-18,,US
1375,160,2026-02-16,,U.S.
215,156,2026/01/07,252.0,U.S.
1732,117,31-01-2026,739.0,USA
828,181,2026-01-03,,U.S.
1341,177,2026-01-12,812.0,U.S.
219,124,2026/02/04,121.0,USA
141,164,2026/01/13,,United States
1434,121,2026/01/19,820.0,USA
1690,145,2026-02-25,,US
733,176,28-02-2026,,United States
1359,194,2026-02-13,668.0,United States
1131,106,2026-01-11,,USA
837,106,2026-01-21,,U.S.
1120,157,17-02-2026,743.0,United States
1610,177,2026/02/02,397.0,US
765,157,03-02-2026,697.0,USA
1568,101,2026-01-26,328.0,US
193,189,2026-02-08,273.0,United States
787,102,2026/01/03,,U.S.
1114,105,2026-01-01,,United States
934,182,2026-01-10,249.0,USA
346,119,15-01-2026,365.0,USA
885,152,2026/02/02,697.0,USA
754,177,2026/02/03,,US
1176,195,2026/02/06,,USA
990,102,2026-01-15,206.0,U.S.
1929,106,27-01-2026,666.0,USA
1939,190,28-01-2026,563.0,USA
1964,155,2026/01/12,,US
1682,179,15-01-2026,,U.S.
229,187,2026-02-28,739.0,US
1670,127,13-01-2026,,U.S.
1436,167,2026/02/12,,U.S.
632,182,2026-01-05,,USA
1242,107,2026/02/20,,United States
861,148,2026/02/11,,USA
241,104,09-02-2026,,U.S.
1758,176,26-01-2026,,United States
305,176,2026-01-14,941.0,USA
1047,160,05-02-2026,,US
1109,139,06-01-2026,842.0,USA
